CellID,n_counts
onefilepercell_JR1166_1_1_B02_and_others_N8PVQ:JR1166_1_1_B02.out.bam,1096135.6
onefilepercell_JR1166_1_1_B02_and_others_N8PVQ:JR1166_1_1_B17.out.bam,1096135.5
onefilepercell_JR1166_1_1_B02_and_others_N8PVQ:JR1166_1_1_C07.out.bam,1096135.5
onefilepercell_JR1166_1_1_B02_and_others_N8PVQ:JR1166_1_1_D14.out.bam,1096135.6
onefilepercell_JR1166_1_1_B02_and_others_N8PVQ:JR1166_1_1_E14.out.bam,1096135.4
onefilepercell_JR1166_1_1_B02_and_others_N8PVQ:JR1166_1_1_G03.out.bam,1096135.6
onefilepercell_JR1166_1_1_B02_and_others_N8PVQ:JR1166_1_1_G09.out.bam,1096135.5
onefilepercell_JR1166_1_1_B02_and_others_N8PVQ:JR1166_1_1_G12.out.bam,1096135.5
onefilepercell_JR1166_1_1_B02_and_others_N8PVQ:JR1166_1_1_G18.out.bam,1096135.6
onefilepercell_JR1166_1_1_B02_and_others_N8PVQ:JR1166_1_1_H01.out.bam,1096135.5
onefilepercell_JR1166_1_1_B02_and_others_N8PVQ:JR1166_1_1_H17.out.bam,1096135.5
onefilepercell_JR1166_1_1_B02_and_others_N8PVQ:JR1166_1_1_I06.out.bam,1096135.5
onefilepercell_JR1166_1_1_B02_and_others_N8PVQ:JR1166_1_1_J18.out.bam,1096135.6
onefilepercell_JR1166_1_1_B02_and_others_N8PVQ:JR1166_1_1_J22.out.bam,1096135.4
onefilepercell_JR1166_1_1_B02_and_others_N8PVQ:JR1166_1_1_L15.out.bam,1096135.6
onefilepercell_JR1166_1_1_B02_and_others_N8PVQ:JR1166_1_1_M06.out.bam,1096135.5
onefilepercell_JR1166_1_1_B02_and_others_N8PVQ:JR1166_1_1_N16.out.bam,1096135.5
onefilepercell_JR1166_1_1_B02_and_others_N8PVQ:JR1166_1_1_O20.out.bam,1096135.5
onefilepercell_JR1166_1_1_B02_and_others_N8PVQ:JR1166_1_2_A02.out.bam,1096135.5
onefilepercell_JR1166_1_1_B02_and_others_N8PVQ:JR1166_1_2_A06.out.bam,1096135.5
onefilepercell_JR1166_1_1_B02_and_others_N8PVQ:JR1166_1_2_A07.out.bam,1096135.5
onefilepercell_JR1166_1_1_B02_and_others_N8PVQ:JR1166_1_2_A09.out.bam,1096135.6
onefilepercell_JR1166_1_1_B02_and_others_N8PVQ:JR1166_1_2_A10.out.bam,1096135.5
onefilepercell_JR1166_1_1_B02_and_others_N8PVQ:JR1166_1_2_A11.out.bam,1096135.5
onefilepercell_JR1166_1_1_B02_and_others_N8PVQ:JR1166_1_2_A12.out.bam,1096135.5
onefilepercell_JR1166_1_1_B02_and_others_N8PVQ:JR1166_1_2_A13.out.bam,1096135.5
onefilepercell_JR1166_1_1_B02_and_others_N8PVQ:JR1166_1_2_A14.out.bam,1096135.5
onefilepercell_JR1166_1_1_B02_and_others_N8PVQ:JR1166_1_2_A15.out.bam,1096135.4
onefilepercell_JR1166_1_1_B02_and_others_N8PVQ:JR1166_1_2_B02.out.bam,1096135.5
onefilepercell_JR1166_1_1_B02_and_others_N8PVQ:JR1166_1_2_B03.out.bam,1096135.5
onefilepercell_JR1166_1_1_B02_and_others_N8PVQ:JR1166_1_2_B04.out.bam,1096135.4
onefilepercell_JR1166_1_1_B02_and_others_N8PVQ:JR1166_1_2_B05.out.bam,1096135.5
onefilepercell_JR1166_1_1_B02_and_others_N8PVQ:JR1166_1_2_B06.out.bam,1096135.4
onefilepercell_JR1166_1_1_B02_and_others_N8PVQ:JR1166_1_2_B08.out.bam,1096135.4
onefilepercell_JR1166_1_1_B02_and_others_N8PVQ:JR1166_1_2_B09.out.bam,1096135.5
onefilepercell_JR1166_1_1_B02_and_others_N8PVQ:JR1166_1_2_B10.out.bam,1096135.4
onefilepercell_JR1166_1_1_B02_and_others_N8PVQ:JR1166_1_2_B11.out.bam,1096135.5
onefilepercell_JR1166_1_1_B02_and_others_N8PVQ:JR1166_1_2_B12.out.bam,1096135.6
onefilepercell_JR1166_1_1_B02_and_others_N8PVQ:JR1166_1_2_B13.out.bam,1096135.4
onefilepercell_JR1166_1_1_B02_and_others_N8PVQ:JR1166_1_2_B14.out.bam,1096135.5
onefilepercell_JR1166_1_1_B02_and_others_N8PVQ:JR1166_1_2_B15.out.bam,1096135.5
onefilepercell_JR1166_1_1_B02_and_others_N8PVQ:JR1166_1_2_C02.out.bam,1096135.5
onefilepercell_JR1166_1_1_B02_and_others_N8PVQ:JR1166_1_2_C03.out.bam,1096135.5
onefilepercell_JR1166_1_1_B02_and_others_N8PVQ:JR1166_1_2_C04.out.bam,1096135.4
onefilepercell_JR1166_1_1_B02_and_others_N8PVQ:JR1166_1_2_C05.out.bam,1096135.6
onefilepercell_JR1166_1_1_B02_and_others_N8PVQ:JR1166_1_2_C06.out.bam,1096135.5
onefilepercell_JR1166_1_1_B02_and_others_N8PVQ:JR1166_1_2_C07.out.bam,1096135.6
onefilepercell_JR1166_1_1_B02_and_others_N8PVQ:JR1166_1_2_C08.out.bam,1096135.6
onefilepercell_JR1166_1_1_B02_and_others_N8PVQ:JR1166_1_2_C09.out.bam,1096135.6
onefilepercell_JR1166_1_1_B02_and_others_N8PVQ:JR1166_1_2_C10.out.bam,1096135.6
onefilepercell_JR1166_1_1_B02_and_others_N8PVQ:JR1166_1_2_C11.out.bam,1096135.5
onefilepercell_JR1166_1_1_B02_and_others_N8PVQ:JR1166_1_2_C12.out.bam,1096135.5
onefilepercell_JR1166_1_1_B02_and_others_N8PVQ:JR1166_1_2_C14.out.bam,1096135.4
onefilepercell_JR1166_1_1_B02_and_others_N8PVQ:JR1166_1_2_C15.out.bam,1096135.4
onefilepercell_JR1166_1_1_B02_and_others_N8PVQ:JR1166_1_2_D02.out.bam,1096135.6
onefilepercell_JR1166_1_1_B02_and_others_N8PVQ:JR1166_1_2_D03.out.bam,1096135.4
onefilepercell_JR1166_1_1_B02_and_others_N8PVQ:JR1166_1_2_D04.out.bam,1096135.6
onefilepercell_JR1166_1_1_B02_and_others_N8PVQ:JR1166_1_2_D07.out.bam,1096135.4
onefilepercell_JR1166_1_1_B02_and_others_N8PVQ:JR1166_1_2_D08.out.bam,1096135.5
onefilepercell_JR1166_1_1_B02_and_others_N8PVQ:JR1166_1_2_D09.out.bam,1096135.6
onefilepercell_JR1166_1_1_B02_and_others_N8PVQ:JR1166_1_2_D10.out.bam,1096135.4
onefilepercell_JR1166_1_1_B02_and_others_N8PVQ:JR1166_1_2_D12.out.bam,1096135.5
onefilepercell_JR1166_1_1_B02_and_others_N8PVQ:JR1166_1_2_D13.out.bam,1096135.6
onefilepercell_JR1166_1_1_B02_and_others_N8PVQ:JR1166_1_2_D14.out.bam,1096135.5
onefilepercell_JR1166_1_1_B02_and_others_N8PVQ:JR1166_1_2_D15.out.bam,1096135.4
onefilepercell_JR1166_1_1_B02_and_others_N8PVQ:JR1166_1_2_E01.out.bam,1096135.5
onefilepercell_JR1166_1_1_B02_and_others_N8PVQ:JR1166_1_2_E02.out.bam,1096135.5
onefilepercell_JR1166_1_1_B02_and_others_N8PVQ:JR1166_1_2_E03.out.bam,1096135.5
onefilepercell_JR1166_1_1_B02_and_others_N8PVQ:JR1166_1_2_E04.out.bam,1096135.4
onefilepercell_JR1166_1_1_B02_and_others_N8PVQ:JR1166_1_2_E05.out.bam,1096135.6
onefilepercell_JR1166_1_1_B02_and_others_N8PVQ:JR1166_1_2_E06.out.bam,1096135.4
onefilepercell_JR1166_1_1_B02_and_others_N8PVQ:JR1166_1_2_E07.out.bam,1096135.6
onefilepercell_JR1166_1_1_B02_and_others_N8PVQ:JR1166_1_2_E08.out.bam,1096135.5
onefilepercell_JR1166_1_1_B02_and_others_N8PVQ:JR1166_1_2_E09.out.bam,1096135.5
onefilepercell_JR1166_1_1_B02_and_others_N8PVQ:JR1166_1_2_E10.out.bam,1096135.5
onefilepercell_JR1166_1_1_B02_and_others_N8PVQ:JR1166_1_2_E11.out.bam,1096135.6
onefilepercell_JR1166_1_1_B02_and_others_N8PVQ:JR1166_1_2_E12.out.bam,1096135.5
onefilepercell_JR1166_1_1_B02_and_others_N8PVQ:JR1166_1_2_E13.out.bam,1096135.4
onefilepercell_JR1166_1_1_B02_and_others_N8PVQ:JR1166_1_2_E14.out.bam,1096135.5
onefilepercell_JR1166_1_1_B02_and_others_N8PVQ:JR1166_1_2_E15.out.bam,1096135.5
onefilepercell_JR1166_1_1_B02_and_others_N8PVQ:JR1166_1_2_F02.out.bam,1096135.5
onefilepercell_JR1166_1_1_B02_and_others_N8PVQ:JR1166_1_2_F03.out.bam,1096135.5
onefilepercell_JR1166_1_1_B02_and_others_N8PVQ:JR1166_1_2_F04.out.bam,1096135.4
onefilepercell_JR1166_1_1_B02_and_others_N8PVQ:JR1166_1_2_F05.out.bam,1096135.5
onefilepercell_JR1166_1_1_B02_and_others_N8PVQ:JR1166_1_2_F06.out.bam,1096135.5
onefilepercell_JR1166_1_1_B02_and_others_N8PVQ:JR1166_1_2_F07.out.bam,1096135.5
onefilepercell_JR1166_1_1_B02_and_others_N8PVQ:JR1166_1_2_F08.out.bam,1096135.6
onefilepercell_JR1166_1_1_B02_and_others_N8PVQ:JR1166_1_2_F09.out.bam,1096135.5
onefilepercell_JR1166_1_1_B02_and_others_N8PVQ:JR1166_1_2_F10.out.bam,1096135.5
onefilepercell_JR1166_1_1_B02_and_others_N8PVQ:JR1166_1_2_F11.out.bam,1096135.5
onefilepercell_JR1166_1_1_B02_and_others_N8PVQ:JR1166_1_2_F12.out.bam,1096135.5
onefilepercell_JR1166_1_1_B02_and_others_N8PVQ:JR1166_1_2_F13.out.bam,1096135.5
onefilepercell_JR1166_1_1_B02_and_others_N8PVQ:JR1166_1_2_F14.out.bam,1096135.5
onefilepercell_JR1166_1_1_B02_and_others_N8PVQ:JR1166_1_2_F15.out.bam,1096135.5
onefilepercell_JR1166_1_1_B02_and_others_N8PVQ:JR1166_1_2_G02.out.bam,1096135.5
onefilepercell_JR1166_1_1_B02_and_others_N8PVQ:JR1166_1_2_G03.out.bam,1096135.5
onefilepercell_JR1166_1_1_B02_and_others_N8PVQ:JR1166_1_2_G04.out.bam,1096135.6
onefilepercell_JR1166_1_1_B02_and_others_N8PVQ:JR1166_1_2_G05.out.bam,1096135.5
onefilepercell_JR1166_1_1_B02_and_others_N8PVQ:JR1166_1_2_G06.out.bam,1096135.5
onefilepercell_JR1166_1_1_B02_and_others_N8PVQ:JR1166_1_2_G07.out.bam,1096135.5
onefilepercell_JR1166_1_1_B02_and_others_N8PVQ:JR1166_1_2_G08.out.bam,1096135.5
onefilepercell_JR1166_1_1_B02_and_others_N8PVQ:JR1166_1_2_G09.out.bam,1096135.6
onefilepercell_JR1166_1_1_B02_and_others_N8PVQ:JR1166_1_2_G10.out.bam,1096135.5
onefilepercell_JR1166_1_1_B02_and_others_N8PVQ:JR1166_1_2_G11.out.bam,1096135.4
onefilepercell_JR1166_1_1_B02_and_others_N8PVQ:JR1166_1_2_G12.out.bam,1096135.5
onefilepercell_JR1166_1_1_B02_and_others_N8PVQ:JR1166_1_2_G13.out.bam,1096135.6
onefilepercell_JR1166_1_1_B02_and_others_N8PVQ:JR1166_1_2_G14.out.bam,1096135.4
onefilepercell_JR1166_1_1_B02_and_others_N8PVQ:JR1166_1_2_G15.out.bam,1096135.5
onefilepercell_JR1166_1_1_B02_and_others_N8PVQ:JR1166_1_2_H02.out.bam,1096135.4
onefilepercell_JR1166_1_1_B02_and_others_N8PVQ:JR1166_1_2_H03.out.bam,1096135.5
onefilepercell_JR1166_1_1_B02_and_others_N8PVQ:JR1166_1_2_H05.out.bam,1096135.6
onefilepercell_JR1166_1_1_B02_and_others_N8PVQ:JR1166_1_2_H06.out.bam,1096135.5
onefilepercell_JR1166_1_1_B02_and_others_N8PVQ:JR1166_1_2_H07.out.bam,1096135.5
onefilepercell_JR1166_1_1_B02_and_others_N8PVQ:JR1166_1_2_H08.out.bam,1096135.5
onefilepercell_JR1166_1_1_B02_and_others_N8PVQ:JR1166_1_2_H09.out.bam,1096135.5
onefilepercell_JR1166_1_1_B02_and_others_N8PVQ:JR1166_1_2_H10.out.bam,1096135.5
onefilepercell_JR1166_1_1_B02_and_others_N8PVQ:JR1166_1_2_H11.out.bam,1096135.5
onefilepercell_JR1166_1_1_B02_and_others_N8PVQ:JR1166_1_2_H12.out.bam,1096135.5
onefilepercell_JR1166_1_1_B02_and_others_N8PVQ:JR1166_1_2_H13.out.bam,1096135.4
onefilepercell_JR1166_1_1_B02_and_others_N8PVQ:JR1166_1_2_H14.out.bam,1096135.5
onefilepercell_JR1166_1_1_B02_and_others_N8PVQ:JR1166_1_2_H15.out.bam,1096135.5
onefilepercell_JR1166_1_1_B02_and_others_N8PVQ:JR1166_1_2_I02.out.bam,1096135.4
onefilepercell_JR1166_1_1_B02_and_others_N8PVQ:JR1166_1_2_I03.out.bam,1096135.6
onefilepercell_JR1166_1_1_B02_and_others_N8PVQ:JR1166_1_2_I05.out.bam,1096135.4
onefilepercell_JR1166_1_1_B02_and_others_N8PVQ:JR1166_1_2_I06.out.bam,1096135.5
onefilepercell_JR1166_1_1_B02_and_others_N8PVQ:JR1166_1_2_I07.out.bam,1096135.6
onefilepercell_JR1166_1_1_B02_and_others_N8PVQ:JR1166_1_2_I08.out.bam,1096135.5
onefilepercell_JR1166_1_1_B02_and_others_N8PVQ:JR1166_1_2_I09.out.bam,1096135.5
onefilepercell_JR1166_1_1_B02_and_others_N8PVQ:JR1166_1_2_I10.out.bam,1096135.4
onefilepercell_JR1166_1_1_B02_and_others_N8PVQ:JR1166_1_2_I11.out.bam,1096135.6
onefilepercell_JR1166_1_1_B02_and_others_N8PVQ:JR1166_1_2_I12.out.bam,1096135.5
onefilepercell_JR1166_1_1_B02_and_others_N8PVQ:JR1166_1_2_I13.out.bam,1096135.5
onefilepercell_JR1166_1_1_B02_and_others_N8PVQ:JR1166_1_2_I14.out.bam,1096135.4
onefilepercell_JR1166_1_1_B02_and_others_N8PVQ:JR1166_1_2_I15.out.bam,1096135.5
onefilepercell_JR1166_1_1_B02_and_others_N8PVQ:JR1166_1_2_J02.out.bam,1096135.5
onefilepercell_JR1166_1_1_B02_and_others_N8PVQ:JR1166_1_2_J03.out.bam,1096135.5
onefilepercell_JR1166_1_1_B02_and_others_N8PVQ:JR1166_1_2_J04.out.bam,1096135.5
onefilepercell_JR1166_1_1_B02_and_others_N8PVQ:JR1166_1_2_J05.out.bam,1096135.5
onefilepercell_JR1166_1_1_B02_and_others_N8PVQ:JR1166_1_2_J07.out.bam,1096135.4
onefilepercell_JR1166_1_1_B02_and_others_N8PVQ:JR1166_1_2_J08.out.bam,1096135.4
onefilepercell_JR1166_1_1_B02_and_others_N8PVQ:JR1166_1_2_J09.out.bam,1096135.5
onefilepercell_JR1166_1_1_B02_and_others_N8PVQ:JR1166_1_2_J10.out.bam,1096135.4
onefilepercell_JR1166_1_1_B02_and_others_N8PVQ:JR1166_1_2_J12.out.bam,1096135.5
onefilepercell_JR1166_1_1_B02_and_others_N8PVQ:JR1166_1_2_J13.out.bam,1096135.5
onefilepercell_JR1166_1_1_B02_and_others_N8PVQ:JR1166_1_2_J15.out.bam,1096135.5
onefilepercell_JR1166_1_1_B02_and_others_N8PVQ:JR1166_1_2_J16.out.bam,1096135.5
onefilepercell_JR1166_1_1_B02_and_others_N8PVQ:JR1166_1_2_K02.out.bam,1096135.4
onefilepercell_JR1166_1_1_B02_and_others_N8PVQ:JR1166_1_2_K03.out.bam,1096135.5
onefilepercell_JR1166_1_1_B02_and_others_N8PVQ:JR1166_1_2_K04.out.bam,1096135.6
onefilepercell_JR1166_1_1_B02_and_others_N8PVQ:JR1166_1_2_K05.out.bam,1096135.5
onefilepercell_JR1166_1_1_B02_and_others_N8PVQ:JR1166_1_2_K06.out.bam,1096135.5
onefilepercell_JR1166_1_1_B02_and_others_N8PVQ:JR1166_1_2_K07.out.bam,1096135.4
onefilepercell_JR1166_1_1_B02_and_others_N8PVQ:JR1166_1_2_K08.out.bam,1096135.6
onefilepercell_JR1166_1_1_B02_and_others_N8PVQ:JR1166_1_2_K09.out.bam,1096135.5
onefilepercell_JR1166_1_1_B02_and_others_N8PVQ:JR1166_1_2_K10.out.bam,1096135.5
onefilepercell_JR1166_1_1_B02_and_others_N8PVQ:JR1166_1_2_K11.out.bam,1096135.6
onefilepercell_JR1166_1_1_B02_and_others_N8PVQ:JR1166_1_2_K12.out.bam,1096135.5
onefilepercell_JR1166_1_1_B02_and_others_N8PVQ:JR1166_1_2_K15.out.bam,1096135.6
onefilepercell_JR1166_1_1_B02_and_others_N8PVQ:JR1166_1_2_K16.out.bam,1096135.5
onefilepercell_JR1166_1_1_B02_and_others_N8PVQ:JR1166_1_2_L02.out.bam,1096135.5
onefilepercell_JR1166_1_1_B02_and_others_N8PVQ:JR1166_1_2_L03.out.bam,1096135.5
onefilepercell_JR1166_1_1_B02_and_others_N8PVQ:JR1166_1_2_L04.out.bam,1096135.4
onefilepercell_JR1166_1_1_B02_and_others_N8PVQ:JR1166_1_2_L05.out.bam,1096135.5
onefilepercell_JR1166_1_1_B02_and_others_N8PVQ:JR1166_1_2_L06.out.bam,1096135.5
onefilepercell_JR1166_1_1_B02_and_others_N8PVQ:JR1166_1_2_L07.out.bam,1096135.5
onefilepercell_JR1166_1_1_B02_and_others_N8PVQ:JR1166_1_2_L08.out.bam,1096135.6
onefilepercell_JR1166_1_1_B02_and_others_N8PVQ:JR1166_1_2_L09.out.bam,1096135.5
onefilepercell_JR1166_1_1_B02_and_others_N8PVQ:JR1166_1_2_L10.out.bam,1096135.8
onefilepercell_JR1166_1_1_B02_and_others_N8PVQ:JR1166_1_2_L12.out.bam,1096135.5
onefilepercell_JR1166_1_1_B02_and_others_N8PVQ:JR1166_1_2_L13.out.bam,1096135.4
onefilepercell_JR1166_1_1_B02_and_others_N8PVQ:JR1166_1_2_L14.out.bam,1096135.5
onefilepercell_JR1166_1_1_B02_and_others_N8PVQ:JR1166_1_2_L15.out.bam,1096135.5
onefilepercell_JR1166_1_1_B02_and_others_N8PVQ:JR1166_1_2_L16.out.bam,1096135.5
onefilepercell_JR1166_1_1_B02_and_others_N8PVQ:JR1166_1_2_M02.out.bam,1096135.5
onefilepercell_JR1166_1_1_B02_and_others_N8PVQ:JR1166_1_2_M03.out.bam,1096135.6
onefilepercell_JR1166_1_1_B02_and_others_N8PVQ:JR1166_1_2_M04.out.bam,1096135.5
onefilepercell_JR1166_1_1_B02_and_others_N8PVQ:JR1166_1_2_M05.out.bam,1096135.5
onefilepercell_JR1166_1_1_B02_and_others_N8PVQ:JR1166_1_2_M06.out.bam,1096135.5
onefilepercell_JR1166_1_1_B02_and_others_N8PVQ:JR1166_1_2_M07.out.bam,1096135.5
onefilepercell_JR1166_1_1_B02_and_others_N8PVQ:JR1166_1_2_M08.out.bam,1096135.6
onefilepercell_JR1166_1_1_B02_and_others_N8PVQ:JR1166_1_2_M09.out.bam,1096135.5
onefilepercell_JR1166_1_1_B02_and_others_N8PVQ:JR1166_1_2_M10.out.bam,1096135.5
onefilepercell_JR1166_1_1_B02_and_others_N8PVQ:JR1166_1_2_M11.out.bam,1096135.5
onefilepercell_JR1166_1_1_B02_and_others_N8PVQ:JR1166_1_2_M12.out.bam,1096135.4
onefilepercell_JR1166_1_1_B02_and_others_N8PVQ:JR1166_1_2_M13.out.bam,1096135.5
onefilepercell_JR1166_1_1_B02_and_others_N8PVQ:JR1166_1_2_M14.out.bam,1096135.5
onefilepercell_JR1166_1_1_B02_and_others_N8PVQ:JR1166_1_2_M15.out.bam,1096135.5
onefilepercell_JR1166_1_1_B02_and_others_N8PVQ:JR1166_1_2_M16.out.bam,1096135.6
onefilepercell_JR1166_1_1_B02_and_others_N8PVQ:JR1166_1_2_N01.out.bam,1096135.5
onefilepercell_JR1166_1_1_B02_and_others_N8PVQ:JR1166_1_2_N02.out.bam,1096135.5
onefilepercell_JR1166_1_1_B02_and_others_N8PVQ:JR1166_1_2_N03.out.bam,1096135.5
onefilepercell_JR1166_1_1_B02_and_others_N8PVQ:JR1166_1_2_N05.out.bam,1096135.5
onefilepercell_JR1166_1_1_B02_and_others_N8PVQ:JR1166_1_2_N07.out.bam,1096135.5
onefilepercell_JR1166_1_1_B02_and_others_N8PVQ:JR1166_1_2_N08.out.bam,1096135.5
onefilepercell_JR1166_1_1_B02_and_others_N8PVQ:JR1166_1_2_N09.out.bam,1096135.6
onefilepercell_JR1166_1_1_B02_and_others_N8PVQ:JR1166_1_2_N10.out.bam,1096135.5
onefilepercell_JR1166_1_1_B02_and_others_N8PVQ:JR1166_1_2_N11.out.bam,1096135.6
onefilepercell_JR1166_1_1_B02_and_others_N8PVQ:JR1166_1_2_N12.out.bam,1096135.6
onefilepercell_JR1166_1_1_B02_and_others_N8PVQ:JR1166_1_2_N13.out.bam,1096135.4
onefilepercell_JR1166_1_1_B02_and_others_N8PVQ:JR1166_1_2_N14.out.bam,1096135.5
onefilepercell_JR1166_1_1_B02_and_others_N8PVQ:JR1166_1_2_N15.out.bam,1096135.5
onefilepercell_JR1166_1_1_B02_and_others_N8PVQ:JR1166_1_2_O02.out.bam,1096135.5
onefilepercell_JR1166_1_1_B02_and_others_N8PVQ:JR1166_1_2_O03.out.bam,1096135.5
onefilepercell_JR1166_1_1_B02_and_others_N8PVQ:JR1166_1_2_O04.out.bam,1096135.6
onefilepercell_JR1166_1_1_B02_and_others_N8PVQ:JR1166_1_2_O06.out.bam,1096135.5
onefilepercell_JR1166_1_1_B02_and_others_N8PVQ:JR1166_1_2_O08.out.bam,1096135.6
onefilepercell_JR1166_1_1_B02_and_others_N8PVQ:JR1166_1_2_O09.out.bam,1096135.5
onefilepercell_JR1166_1_1_B02_and_others_N8PVQ:JR1166_1_2_O11.out.bam,1096135.4
onefilepercell_JR1166_1_1_B02_and_others_N8PVQ:JR1166_1_2_O13.out.bam,1096135.4
onefilepercell_JR1166_1_1_B02_and_others_N8PVQ:JR1166_1_2_O15.out.bam,1096135.5
onefilepercell_JR1166_1_1_B02_and_others_N8PVQ:JR1166_1_2_O16.out.bam,1096135.5
onefilepercell_JR1166_1_1_B02_and_others_N8PVQ:JR1166_1_2_P03.out.bam,1096135.4
onefilepercell_JR1166_1_1_B02_and_others_N8PVQ:JR1166_1_2_P04.out.bam,1096135.6
onefilepercell_JR1166_1_1_B02_and_others_N8PVQ:JR1166_1_2_P05.out.bam,1096135.5
onefilepercell_JR1166_1_1_B02_and_others_N8PVQ:JR1166_1_2_P06.out.bam,1096135.6
onefilepercell_JR1166_1_1_B02_and_others_N8PVQ:JR1166_1_2_P07.out.bam,1096135.5
onefilepercell_JR1166_1_1_B02_and_others_N8PVQ:JR1166_1_2_P09.out.bam,1096135.5
onefilepercell_JR1166_1_1_B02_and_others_N8PVQ:JR1166_1_2_P10.out.bam,1096135.4
onefilepercell_JR1166_1_1_B02_and_others_N8PVQ:JR1166_1_2_P11.out.bam,1096135.5
onefilepercell_JR1166_1_1_B02_and_others_N8PVQ:JR1166_1_2_P12.out.bam,1096135.5
onefilepercell_JR1166_1_1_B02_and_others_N8PVQ:JR1166_1_2_P13.out.bam,1096135.5
onefilepercell_JR1166_1_1_B02_and_others_N8PVQ:JR1166_1_2_P14.out.bam,1096135.6
onefilepercell_JR1166_1_1_B02_and_others_N8PVQ:JR1166_1_2_P15.out.bam,1096135.5
onefilepercell_JR1166_1_1_B02_and_others_N8PVQ:JR1166_1_2_P16.out.bam,1096135.5
onefilepercell_JR1227_1_1_A05_and_others_LBT7E:JR1227_1_1_A05.out.bam,1096135.6
onefilepercell_JR1227_1_1_A05_and_others_LBT7E:JR1227_1_1_B08.out.bam,1096135.5
onefilepercell_JR1227_1_1_A05_and_others_LBT7E:JR1227_1_1_C06.out.bam,1096135.4
onefilepercell_JR1227_1_1_A05_and_others_LBT7E:JR1227_1_1_D15.out.bam,1096135.4
onefilepercell_JR1227_1_1_A05_and_others_LBT7E:JR1227_1_1_E05.out.bam,1096135.5
onefilepercell_JR1227_1_1_A05_and_others_LBT7E:JR1227_1_1_F04.out.bam,1096135.4
onefilepercell_JR1227_1_1_A05_and_others_LBT7E:JR1227_1_1_G08.out.bam,1096135.5
onefilepercell_JR1227_1_1_A05_and_others_LBT7E:JR1227_1_1_H05.out.bam,1096135.4
onefilepercell_JR1227_1_1_A05_and_others_LBT7E:JR1227_1_1_H12.out.bam,1096135.5
onefilepercell_JR1227_1_1_A05_and_others_LBT7E:JR1227_1_1_H18.out.bam,1096135.5
onefilepercell_JR1227_1_1_A05_and_others_LBT7E:JR1227_1_1_J08.out.bam,1096135.5
onefilepercell_JR1227_1_1_A05_and_others_LBT7E:JR1227_1_1_K05.out.bam,1096135.5
onefilepercell_JR1227_1_1_A05_and_others_LBT7E:JR1227_1_1_K07.out.bam,1096135.5
onefilepercell_JR1227_1_1_A05_and_others_LBT7E:JR1227_1_1_M19.out.bam,1096135.5
onefilepercell_JR1227_1_1_A05_and_others_LBT7E:JR1227_1_1_N02.out.bam,1096135.4
onefilepercell_JR1227_1_1_A05_and_others_LBT7E:JR1227_1_2_A02.out.bam,1096135.5
onefilepercell_JR1227_1_1_A05_and_others_LBT7E:JR1227_1_2_A04.out.bam,1096135.5
onefilepercell_JR1227_1_1_A05_and_others_LBT7E:JR1227_1_2_A05.out.bam,1096135.4
onefilepercell_JR1227_1_1_A05_and_others_LBT7E:JR1227_1_2_A06.out.bam,1096135.5
onefilepercell_JR1227_1_1_A05_and_others_LBT7E:JR1227_1_2_B02.out.bam,1096135.5
onefilepercell_JR1227_1_1_A05_and_others_LBT7E:JR1227_1_2_B06.out.bam,1096135.4
onefilepercell_JR1227_1_1_A05_and_others_LBT7E:JR1227_1_2_B07.out.bam,1096135.5
onefilepercell_JR1227_1_1_A05_and_others_LBT7E:JR1227_1_2_B08.out.bam,1096135.6
onefilepercell_JR1227_1_1_A05_and_others_LBT7E:JR1227_1_2_C02.out.bam,1096135.6
onefilepercell_JR1227_1_1_A05_and_others_LBT7E:JR1227_1_2_C04.out.bam,1096135.4
onefilepercell_JR1227_1_1_A05_and_others_LBT7E:JR1227_1_2_C07.out.bam,1096135.6
onefilepercell_JR1227_1_1_A05_and_others_LBT7E:JR1227_1_2_D02.out.bam,1096135.4
onefilepercell_JR1227_1_1_A05_and_others_LBT7E:JR1227_1_2_D03.out.bam,1096135.5
onefilepercell_JR1227_1_1_A05_and_others_LBT7E:JR1227_1_2_D05.out.bam,1096135.5
onefilepercell_JR1227_1_1_A05_and_others_LBT7E:JR1227_1_2_D07.out.bam,1096135.6
onefilepercell_JR1227_1_1_A05_and_others_LBT7E:JR1227_1_2_E01.out.bam,1096135.5
onefilepercell_JR1227_1_1_A05_and_others_LBT7E:JR1227_1_2_E02.out.bam,1096135.4
onefilepercell_JR1227_1_1_A05_and_others_LBT7E:JR1227_1_2_E03.out.bam,1096135.5
onefilepercell_JR1227_1_1_A05_and_others_LBT7E:JR1227_1_2_E06.out.bam,1096135.4
onefilepercell_JR1227_1_1_A05_and_others_LBT7E:JR1227_1_2_F01.out.bam,1096135.5
onefilepercell_JR1227_1_1_A05_and_others_LBT7E:JR1227_1_2_F02.out.bam,1096135.4
onefilepercell_JR1227_1_1_A05_and_others_LBT7E:JR1227_1_2_F07.out.bam,1096135.4
onefilepercell_JR1227_1_1_A05_and_others_LBT7E:JR1227_1_2_G07.out.bam,1096135.5
onefilepercell_JR1227_1_1_A05_and_others_LBT7E:JR1227_1_2_H01.out.bam,1096135.5
onefilepercell_JR1227_1_1_A05_and_others_LBT7E:JR1227_1_2_H03.out.bam,1096135.5
onefilepercell_JR1227_1_1_A05_and_others_LBT7E:JR1227_1_2_H05.out.bam,1096135.5
onefilepercell_JR1227_1_1_A05_and_others_LBT7E:JR1227_1_2_H07.out.bam,1096135.4
onefilepercell_JR1227_1_1_A05_and_others_LBT7E:JR1227_1_2_H08.out.bam,1096135.5
onefilepercell_JR1227_1_1_A05_and_others_LBT7E:JR1227_1_2_I03.out.bam,1096135.5
onefilepercell_JR1227_1_1_A05_and_others_LBT7E:JR1227_1_2_I05.out.bam,1096135.5
onefilepercell_JR1227_1_1_A05_and_others_LBT7E:JR1227_1_2_I06.out.bam,1096135.5
onefilepercell_JR1227_1_1_A05_and_others_LBT7E:JR1227_1_2_I07.out.bam,1096135.5
onefilepercell_JR1227_1_1_A05_and_others_LBT7E:JR1227_1_2_I08.out.bam,1096135.6
onefilepercell_JR1227_1_1_A05_and_others_LBT7E:JR1227_1_2_J01.out.bam,1096135.5
onefilepercell_JR1227_1_1_A05_and_others_LBT7E:JR1227_1_2_J02.out.bam,1096135.5
onefilepercell_JR1227_1_1_A05_and_others_LBT7E:JR1227_1_2_J04.out.bam,1096135.5
onefilepercell_JR1227_1_1_A05_and_others_LBT7E:JR1227_1_2_J05.out.bam,1096135.4
onefilepercell_JR1227_1_1_A05_and_others_LBT7E:JR1227_1_2_J08.out.bam,1096135.4
onefilepercell_JR1227_1_1_A05_and_others_LBT7E:JR1227_1_2_K01.out.bam,1096135.4
onefilepercell_JR1227_1_1_A05_and_others_LBT7E:JR1227_1_2_K02.out.bam,1096135.5
onefilepercell_JR1227_1_1_A05_and_others_LBT7E:JR1227_1_2_K03.out.bam,1096135.5
onefilepercell_JR1227_1_1_A05_and_others_LBT7E:JR1227_1_2_K05.out.bam,1096135.5
onefilepercell_JR1227_1_1_A05_and_others_LBT7E:JR1227_1_2_K07.out.bam,1096135.5
onefilepercell_JR1227_1_1_A05_and_others_LBT7E:JR1227_1_2_L01.out.bam,1096135.5
onefilepercell_JR1227_1_1_A05_and_others_LBT7E:JR1227_1_2_L02.out.bam,1096135.5
onefilepercell_JR1227_1_1_A05_and_others_LBT7E:JR1227_1_2_L03.out.bam,1096135.6
onefilepercell_JR1227_1_1_A05_and_others_LBT7E:JR1227_1_2_L04.out.bam,1096135.5
onefilepercell_JR1227_1_1_A05_and_others_LBT7E:JR1227_1_2_L07.out.bam,1096135.5
onefilepercell_JR1227_1_1_A05_and_others_LBT7E:JR1227_1_2_M02.out.bam,1096135.5
onefilepercell_JR1227_1_1_A05_and_others_LBT7E:JR1227_1_2_M04.out.bam,1096135.6
onefilepercell_JR1227_1_1_A05_and_others_LBT7E:JR1227_1_2_M07.out.bam,1096135.5
onefilepercell_JR1227_1_1_A05_and_others_LBT7E:JR1227_1_2_M08.out.bam,1096135.5
onefilepercell_JR1227_1_1_A05_and_others_LBT7E:JR1227_1_2_N03.out.bam,1096135.5
onefilepercell_JR1227_1_1_A05_and_others_LBT7E:JR1227_1_2_N06.out.bam,1096135.6
onefilepercell_JR1227_1_1_A05_and_others_LBT7E:JR1227_1_2_O03.out.bam,1096135.4
onefilepercell_JR1227_1_1_A05_and_others_LBT7E:JR1227_1_2_O05.out.bam,1096135.5
onefilepercell_JR1227_1_1_A05_and_others_LBT7E:JR1227_1_2_O06.out.bam,1096135.5
onefilepercell_JR1227_1_1_A05_and_others_LBT7E:JR1227_1_2_O07.out.bam,1096135.5
onefilepercell_JR1227_1_1_A05_and_others_LBT7E:JR1227_1_2_P01.out.bam,1096135.6
onefilepercell_JR1227_1_1_A05_and_others_LBT7E:JR1227_1_2_P04.out.bam,1096135.4
onefilepercell_JR1227_1_1_A05_and_others_LBT7E:JR1227_1_2_P05.out.bam,1096135.5
onefilepercell_JR1227_1_1_A05_and_others_LBT7E:JR1227_1_2_P07.out.bam,1096135.4
onefilepercell_JR1227_1_1_A05_and_others_LBT7E:JR1227_1_2_P08.out.bam,1096135.5
onefilepercell_JR1227_1_1_A05_and_others_LBT7E:JR1227_1_3_A03.out.bam,1096135.5
onefilepercell_JR1227_1_1_A05_and_others_LBT7E:JR1227_1_3_D01.out.bam,1096135.6
onefilepercell_JR1227_1_1_A05_and_others_LBT7E:JR1227_1_3_D02.out.bam,1096135.5
onefilepercell_JR1227_1_1_A05_and_others_LBT7E:JR1227_1_3_E01.out.bam,1096135.5
onefilepercell_JR1227_1_1_A05_and_others_LBT7E:JR1227_1_3_E02.out.bam,1096135.5
onefilepercell_JR1227_1_1_A05_and_others_LBT7E:JR1227_1_3_E03.out.bam,1096135.5
onefilepercell_JR1227_1_1_A05_and_others_LBT7E:JR1227_1_3_H02.out.bam,1096135.5
onefilepercell_JR1227_1_1_A05_and_others_LBT7E:JR1227_1_3_I01.out.bam,1096135.5
onefilepercell_JR1227_1_1_A05_and_others_LBT7E:JR1227_1_3_I02.out.bam,1096135.6
onefilepercell_JR1227_1_1_A05_and_others_LBT7E:JR1227_1_3_J01.out.bam,1096135.5
onefilepercell_JR1227_1_1_A05_and_others_LBT7E:JR1227_1_3_J02.out.bam,1096135.4
onefilepercell_JR1227_1_1_A05_and_others_LBT7E:JR1227_1_3_K01.out.bam,1096135.5
onefilepercell_JR1227_1_1_A05_and_others_LBT7E:JR1227_1_3_L01.out.bam,1096135.5
onefilepercell_JR1227_1_1_A05_and_others_LBT7E:JR1227_1_3_L02.out.bam,1096135.5
onefilepercell_JR1227_1_1_A05_and_others_LBT7E:JR1227_1_3_N02.out.bam,1096135.5
onefilepercell_JR1227_1_1_A05_and_others_LBT7E:JR1227_1_3_P01.out.bam,1096135.5
onefilepercell_JR1227_1_1_A05_and_others_LBT7E:JR1227_1_3_P02.out.bam,1096135.4
onefilepercell_JR1284_1_1_A12_and_others_O2FQT:JR1284_1_1_A12.out.bam,1096135.4
onefilepercell_JR1284_1_1_A12_and_others_O2FQT:JR1284_1_1_D04.out.bam,1096135.5
onefilepercell_JR1284_1_1_A12_and_others_O2FQT:JR1284_1_1_E04.out.bam,1096135.6
onefilepercell_JR1284_1_1_A12_and_others_O2FQT:JR1284_1_1_F09.out.bam,1096135.5
onefilepercell_JR1284_1_1_A12_and_others_O2FQT:JR1284_1_1_H07.out.bam,1096135.6
onefilepercell_JR1284_1_1_A12_and_others_O2FQT:JR1284_1_1_K08.out.bam,1096135.5
onefilepercell_JR1284_1_1_A12_and_others_O2FQT:JR1284_1_1_K12.out.bam,1096135.6
onefilepercell_JR1284_1_1_A12_and_others_O2FQT:JR1284_1_2_A02.out.bam,1096135.6
onefilepercell_JR1284_1_1_A12_and_others_O2FQT:JR1284_1_2_O04.out.bam,1096135.5
onefilepercell_JR1284_1_1_A12_and_others_O2FQT:JR1284_1_3_A04.out.bam,1096135.5
onefilepercell_JR1284_1_1_A12_and_others_O2FQT:JR1284_1_3_B12.out.bam,1096135.4
onefilepercell_JR1284_1_1_A12_and_others_O2FQT:JR1284_1_3_E08.out.bam,1096135.5
onefilepercell_JR1284_1_1_A12_and_others_O2FQT:JR1284_1_3_G04.out.bam,1096135.5
onefilepercell_JR1284_1_1_A12_and_others_O2FQT:JR1284_1_3_G07.out.bam,1096135.5
onefilepercell_JR1284_1_1_A12_and_others_O2FQT:JR1284_1_3_H04.out.bam,1096135.5
onefilepercell_JR1284_1_1_A12_and_others_O2FQT:JR1284_1_3_I02.out.bam,1096135.6
onefilepercell_JR1284_1_1_A12_and_others_O2FQT:JR1284_1_3_I07.out.bam,1096135.5
onefilepercell_JR1284_1_1_A12_and_others_O2FQT:JR1284_1_3_K02.out.bam,1096135.5
onefilepercell_JR1284_1_1_A12_and_others_O2FQT:JR1284_1_3_K06.out.bam,1096135.5
onefilepercell_JR1284_1_1_A12_and_others_O2FQT:JR1284_1_3_K11.out.bam,1096135.5
onefilepercell_JR1284_1_1_A12_and_others_O2FQT:JR1284_1_4_A03.out.bam,1096135.5
onefilepercell_JR1284_1_1_A12_and_others_O2FQT:JR1284_1_4_A05.out.bam,1096135.6
onefilepercell_JR1284_1_1_A12_and_others_O2FQT:JR1284_1_4_A06.out.bam,1096135.5
onefilepercell_JR1284_1_1_A12_and_others_O2FQT:JR1284_1_4_B01.out.bam,1096135.5
onefilepercell_JR1284_1_1_A12_and_others_O2FQT:JR1284_1_4_B05.out.bam,1096135.5
onefilepercell_JR1284_1_1_A12_and_others_O2FQT:JR1284_1_4_B06.out.bam,1096135.4
onefilepercell_JR1284_1_1_A12_and_others_O2FQT:JR1284_1_4_C01.out.bam,1096135.5
onefilepercell_JR1284_1_1_A12_and_others_O2FQT:JR1284_1_4_C03.out.bam,1096135.5
onefilepercell_JR1284_1_1_A12_and_others_O2FQT:JR1284_1_4_C05.out.bam,1096135.4
onefilepercell_JR1284_1_1_A12_and_others_O2FQT:JR1284_1_4_C06.out.bam,1096135.5
onefilepercell_JR1284_1_1_A12_and_others_O2FQT:JR1284_1_4_D01.out.bam,1096135.5
onefilepercell_JR1284_1_1_A12_and_others_O2FQT:JR1284_1_4_D02.out.bam,1096135.6
onefilepercell_JR1284_1_1_A12_and_others_O2FQT:JR1284_1_4_D03.out.bam,1096135.6
onefilepercell_JR1284_1_1_A12_and_others_O2FQT:JR1284_1_4_D04.out.bam,1096135.4
onefilepercell_JR1284_1_1_A12_and_others_O2FQT:JR1284_1_4_D05.out.bam,1096135.5
onefilepercell_JR1284_1_1_A12_and_others_O2FQT:JR1284_1_4_D06.out.bam,1096135.5
onefilepercell_JR1284_1_1_A12_and_others_O2FQT:JR1284_1_4_E01.out.bam,1096135.4
onefilepercell_JR1284_1_1_A12_and_others_O2FQT:JR1284_1_4_E03.out.bam,1096135.4
onefilepercell_JR1284_1_1_A12_and_others_O2FQT:JR1284_1_4_E05.out.bam,1096135.5
onefilepercell_JR1284_1_1_A12_and_others_O2FQT:JR1284_1_4_G02.out.bam,1096135.5
onefilepercell_JR1284_1_1_A12_and_others_O2FQT:JR1284_1_4_G03.out.bam,1096135.5
onefilepercell_JR1284_1_1_A12_and_others_O2FQT:JR1284_1_4_G04.out.bam,1096135.5
onefilepercell_JR1284_1_1_A12_and_others_O2FQT:JR1284_1_4_G05.out.bam,1096135.5
onefilepercell_JR1284_1_1_A12_and_others_O2FQT:JR1284_1_4_H01.out.bam,1096135.5
onefilepercell_JR1284_1_1_A12_and_others_O2FQT:JR1284_1_4_H02.out.bam,1096135.5
onefilepercell_JR1284_1_1_A12_and_others_O2FQT:JR1284_1_4_H03.out.bam,1096135.4
onefilepercell_JR1284_1_1_A12_and_others_O2FQT:JR1284_1_4_H05.out.bam,1096135.5
onefilepercell_JR1284_1_1_A12_and_others_O2FQT:JR1284_1_4_I03.out.bam,1096135.5
onefilepercell_JR1284_1_1_A12_and_others_O2FQT:JR1284_1_4_I04.out.bam,1096135.5
onefilepercell_JR1284_1_1_A12_and_others_O2FQT:JR1284_1_4_I05.out.bam,1096135.4
onefilepercell_JR1284_1_1_A12_and_others_O2FQT:JR1284_1_4_J02.out.bam,1096135.5
onefilepercell_JR1284_1_1_A12_and_others_O2FQT:JR1284_1_4_J03.out.bam,1096135.5
onefilepercell_JR1284_1_1_A12_and_others_O2FQT:JR1284_1_4_J04.out.bam,1096135.5
onefilepercell_JR1284_1_1_A12_and_others_O2FQT:JR1284_1_4_J05.out.bam,1096135.5
onefilepercell_JR1284_1_1_A12_and_others_O2FQT:JR1284_1_4_K01.out.bam,1096135.5
onefilepercell_JR1284_1_1_A12_and_others_O2FQT:JR1284_1_4_K03.out.bam,1096135.6
onefilepercell_JR1284_1_1_A12_and_others_O2FQT:JR1284_1_4_K04.out.bam,1096135.5
onefilepercell_JR1284_1_1_A12_and_others_O2FQT:JR1284_1_4_K05.out.bam,1096135.5
onefilepercell_JR1284_1_1_A12_and_others_O2FQT:JR1284_1_4_K06.out.bam,1096135.5
onefilepercell_JR1284_1_1_A12_and_others_O2FQT:JR1284_1_4_L01.out.bam,1096135.6
onefilepercell_JR1284_1_1_A12_and_others_O2FQT:JR1284_1_4_L02.out.bam,1096135.6
onefilepercell_JR1284_1_1_A12_and_others_O2FQT:JR1284_1_4_L04.out.bam,1096135.6
onefilepercell_JR1284_1_1_A12_and_others_O2FQT:JR1284_1_4_L06.out.bam,1096135.5
onefilepercell_JR1284_1_1_A12_and_others_O2FQT:JR1284_1_4_M01.out.bam,1096135.5
onefilepercell_JR1284_1_1_A12_and_others_O2FQT:JR1284_1_4_M04.out.bam,1096135.6
onefilepercell_JR1284_1_1_A12_and_others_O2FQT:JR1284_1_4_M05.out.bam,1096135.4
onefilepercell_JR1284_1_1_A12_and_others_O2FQT:JR1284_1_4_M06.out.bam,1096135.6
onefilepercell_JR1284_1_1_A12_and_others_O2FQT:JR1284_1_4_N01.out.bam,1096135.5
onefilepercell_JR1284_1_1_A12_and_others_O2FQT:JR1284_1_4_N02.out.bam,1096135.5
onefilepercell_JR1284_1_1_A12_and_others_O2FQT:JR1284_1_4_N03.out.bam,1096135.5
onefilepercell_JR1284_1_1_A12_and_others_O2FQT:JR1284_1_4_N04.out.bam,1096135.4
onefilepercell_JR1284_1_1_A12_and_others_O2FQT:JR1284_1_4_N05.out.bam,1096135.4
onefilepercell_JR1284_1_1_A12_and_others_O2FQT:JR1284_1_4_N06.out.bam,1096135.5
onefilepercell_JR1284_1_1_A12_and_others_O2FQT:JR1284_1_4_O01.out.bam,1096135.5
onefilepercell_JR1284_1_1_A12_and_others_O2FQT:JR1284_1_4_O02.out.bam,1096135.5
onefilepercell_JR1284_1_1_A12_and_others_O2FQT:JR1284_1_4_O03.out.bam,1096135.5
onefilepercell_JR1284_1_1_A12_and_others_O2FQT:JR1284_1_4_O05.out.bam,1096135.6
onefilepercell_JR1284_1_1_A12_and_others_O2FQT:JR1284_1_4_P05.out.bam,1096135.5
onefilepercell_JR1284_1_1_A12_and_others_O2FQT:JR1284_1_5_A02.out.bam,1096135.5
onefilepercell_JR1284_1_1_A12_and_others_O2FQT:JR1284_1_5_A04.out.bam,1096135.5
onefilepercell_JR1284_1_1_A12_and_others_O2FQT:JR1284_1_5_A06.out.bam,1096135.4
onefilepercell_JR1284_1_1_A12_and_others_O2FQT:JR1284_1_5_B01.out.bam,1096135.5
onefilepercell_JR1284_1_1_A12_and_others_O2FQT:JR1284_1_5_B03.out.bam,1096135.5
onefilepercell_JR1284_1_1_A12_and_others_O2FQT:JR1284_1_5_B05.out.bam,1096135.5
onefilepercell_JR1284_1_1_A12_and_others_O2FQT:JR1284_1_5_B06.out.bam,1096135.4
onefilepercell_JR1284_1_1_A12_and_others_O2FQT:JR1284_1_5_C02.out.bam,1096135.6
onefilepercell_JR1284_1_1_A12_and_others_O2FQT:JR1284_1_5_C03.out.bam,1096135.5
onefilepercell_JR1284_1_1_A12_and_others_O2FQT:JR1284_1_5_C06.out.bam,1096135.5
onefilepercell_JR1284_1_1_A12_and_others_O2FQT:JR1284_1_5_D02.out.bam,1096135.5
onefilepercell_JR1284_1_1_A12_and_others_O2FQT:JR1284_1_5_D03.out.bam,1096135.5
onefilepercell_JR1284_1_1_A12_and_others_O2FQT:JR1284_1_5_D04.out.bam,1096135.5
onefilepercell_JR1284_1_1_A12_and_others_O2FQT:JR1284_1_5_D05.out.bam,1096135.5
onefilepercell_JR1284_1_1_A12_and_others_O2FQT:JR1284_1_5_D06.out.bam,1096135.4
onefilepercell_JR1284_1_1_A12_and_others_O2FQT:JR1284_1_5_E02.out.bam,1096135.6
onefilepercell_JR1284_1_1_A12_and_others_O2FQT:JR1284_1_5_F01.out.bam,1096135.4
onefilepercell_JR1284_1_1_A12_and_others_O2FQT:JR1284_1_5_F02.out.bam,1096135.5
onefilepercell_JR1284_1_1_A12_and_others_O2FQT:JR1284_1_5_F03.out.bam,1096135.5
onefilepercell_JR1284_1_1_A12_and_others_O2FQT:JR1284_1_5_F05.out.bam,1096135.5
onefilepercell_JR1284_1_1_A12_and_others_O2FQT:JR1284_1_5_F06.out.bam,1096135.5
onefilepercell_JR1284_1_1_A12_and_others_O2FQT:JR1284_1_5_G01.out.bam,1096135.6
onefilepercell_JR1284_1_1_A12_and_others_O2FQT:JR1284_1_5_G04.out.bam,1096135.5
onefilepercell_JR1284_1_1_A12_and_others_O2FQT:JR1284_1_5_G05.out.bam,1096135.5
onefilepercell_JR1284_1_1_A12_and_others_O2FQT:JR1284_1_5_H01.out.bam,1096135.4
onefilepercell_JR1284_1_1_A12_and_others_O2FQT:JR1284_1_5_H02.out.bam,1096135.6
onefilepercell_JR1284_1_1_A12_and_others_O2FQT:JR1284_1_5_H04.out.bam,1096135.4
onefilepercell_JR1284_1_1_A12_and_others_O2FQT:JR1284_1_5_H05.out.bam,1096135.6
onefilepercell_JR1284_1_1_A12_and_others_O2FQT:JR1284_1_5_H06.out.bam,1096135.5
onefilepercell_JR1284_1_1_A12_and_others_O2FQT:JR1284_1_5_I01.out.bam,1096135.5
onefilepercell_JR1284_1_1_A12_and_others_O2FQT:JR1284_1_5_I04.out.bam,1096135.5
onefilepercell_JR1284_1_1_A12_and_others_O2FQT:JR1284_1_5_I05.out.bam,1096135.6
onefilepercell_JR1284_1_1_A12_and_others_O2FQT:JR1284_1_5_I06.out.bam,1096135.5
onefilepercell_JR1284_1_1_A12_and_others_O2FQT:JR1284_1_5_J01.out.bam,1096135.5
onefilepercell_JR1284_1_1_A12_and_others_O2FQT:JR1284_1_5_J03.out.bam,1096135.5
onefilepercell_JR1284_1_1_A12_and_others_O2FQT:JR1284_1_5_J05.out.bam,1096135.5
onefilepercell_JR1284_1_1_A12_and_others_O2FQT:JR1284_1_5_J06.out.bam,1096135.4
onefilepercell_JR1284_1_1_A12_and_others_O2FQT:JR1284_1_5_K02.out.bam,1096135.6
onefilepercell_JR1284_1_1_A12_and_others_O2FQT:JR1284_1_5_K03.out.bam,1096135.4
onefilepercell_JR1284_1_1_A12_and_others_O2FQT:JR1284_1_5_K04.out.bam,1096135.4
onefilepercell_JR1284_1_1_A12_and_others_O2FQT:JR1284_1_5_K05.out.bam,1096135.5
onefilepercell_JR1284_1_1_A12_and_others_O2FQT:JR1284_1_5_K06.out.bam,1096135.6
onefilepercell_JR1284_1_1_A12_and_others_O2FQT:JR1284_1_5_L02.out.bam,1096135.5
onefilepercell_JR1284_1_1_A12_and_others_O2FQT:JR1284_1_5_L05.out.bam,1096135.5
onefilepercell_JR1284_1_1_A12_and_others_O2FQT:JR1284_1_5_M03.out.bam,1096135.4
onefilepercell_JR1284_1_1_A12_and_others_O2FQT:JR1284_1_5_M04.out.bam,1096135.5
onefilepercell_JR1284_1_1_A12_and_others_O2FQT:JR1284_1_5_M05.out.bam,1096135.6
onefilepercell_JR1284_1_1_A12_and_others_O2FQT:JR1284_1_5_M06.out.bam,1096135.5
onefilepercell_JR1284_1_1_A12_and_others_O2FQT:JR1284_1_5_N01.out.bam,1096135.5
onefilepercell_JR1284_1_1_A12_and_others_O2FQT:JR1284_1_5_N03.out.bam,1096135.4
onefilepercell_JR1284_1_1_A12_and_others_O2FQT:JR1284_1_5_N04.out.bam,1096135.5
onefilepercell_JR1284_1_1_A12_and_others_O2FQT:JR1284_1_5_N06.out.bam,1096135.5
onefilepercell_JR1284_1_1_A12_and_others_O2FQT:JR1284_1_5_O01.out.bam,1096135.5
onefilepercell_JR1284_1_1_A12_and_others_O2FQT:JR1284_1_5_O03.out.bam,1096135.6
onefilepercell_JR1284_1_1_A12_and_others_O2FQT:JR1284_1_5_O04.out.bam,1096135.5
onefilepercell_JR1284_1_1_A12_and_others_O2FQT:JR1284_1_5_O05.out.bam,1096135.5
onefilepercell_JR1284_1_1_A12_and_others_O2FQT:JR1284_1_5_P01.out.bam,1096135.5
onefilepercell_JR1284_1_1_A12_and_others_O2FQT:JR1284_1_5_P03.out.bam,1096135.5
onefilepercell_JR1284_1_1_A12_and_others_O2FQT:JR1284_1_5_P04.out.bam,1096135.6
onefilepercell_JR1284_1_1_A12_and_others_O2FQT:JR1284_1_5_P05.out.bam,1096135.4
onefilepercell_JR1284_1_1_A12_and_others_O2FQT:JR1284_1_6_A02.out.bam,1096135.5
onefilepercell_JR1284_1_1_A12_and_others_O2FQT:JR1284_1_6_A03.out.bam,1096135.6
onefilepercell_JR1284_1_1_A12_and_others_O2FQT:JR1284_1_6_A04.out.bam,1096135.5
onefilepercell_JR1284_1_1_A12_and_others_O2FQT:JR1284_1_6_A05.out.bam,1096135.5
onefilepercell_JR1284_1_1_A12_and_others_O2FQT:JR1284_1_6_B01.out.bam,1096135.4
onefilepercell_JR1284_1_1_A12_and_others_O2FQT:JR1284_1_6_B02.out.bam,1096135.5
onefilepercell_JR1284_1_1_A12_and_others_O2FQT:JR1284_1_6_B03.out.bam,1096135.5
onefilepercell_JR1284_1_1_A12_and_others_O2FQT:JR1284_1_6_B04.out.bam,1096135.4
onefilepercell_JR1284_1_1_A12_and_others_O2FQT:JR1284_1_6_B05.out.bam,1096135.5
onefilepercell_JR1284_1_1_A12_and_others_O2FQT:JR1284_1_6_C01.out.bam,1096135.5
onefilepercell_JR1284_1_1_A12_and_others_O2FQT:JR1284_1_6_C02.out.bam,1096135.6
onefilepercell_JR1284_1_1_A12_and_others_O2FQT:JR1284_1_6_C03.out.bam,1096135.4
onefilepercell_JR1284_1_1_A12_and_others_O2FQT:JR1284_1_6_C04.out.bam,1096135.5
onefilepercell_JR1284_1_1_A12_and_others_O2FQT:JR1284_1_6_C05.out.bam,1096135.4
onefilepercell_JR1284_1_1_A12_and_others_O2FQT:JR1284_1_6_D01.out.bam,1096135.5
onefilepercell_JR1284_1_1_A12_and_others_O2FQT:JR1284_1_6_D02.out.bam,1096135.5
onefilepercell_JR1284_1_1_A12_and_others_O2FQT:JR1284_1_6_D03.out.bam,1096135.5
onefilepercell_JR1284_1_1_A12_and_others_O2FQT:JR1284_1_6_D04.out.bam,1096135.5
onefilepercell_JR1284_1_1_A12_and_others_O2FQT:JR1284_1_6_D05.out.bam,1096135.6
onefilepercell_JR1284_1_1_A12_and_others_O2FQT:JR1284_1_6_E01.out.bam,1096135.4
onefilepercell_JR1284_1_1_A12_and_others_O2FQT:JR1284_1_6_E02.out.bam,1096135.6
onefilepercell_JR1284_1_1_A12_and_others_O2FQT:JR1284_1_6_E03.out.bam,1096135.5
onefilepercell_JR1284_1_1_A12_and_others_O2FQT:JR1284_1_6_E04.out.bam,1096135.5
onefilepercell_JR1284_1_1_A12_and_others_O2FQT:JR1284_1_6_E05.out.bam,1096135.6
onefilepercell_JR1284_1_1_A12_and_others_O2FQT:JR1284_1_6_F01.out.bam,1096135.4
onefilepercell_JR1284_1_1_A12_and_others_O2FQT:JR1284_1_6_F02.out.bam,1096135.5
onefilepercell_JR1284_1_1_A12_and_others_O2FQT:JR1284_1_6_F03.out.bam,1096135.5
onefilepercell_JR1284_1_1_A12_and_others_O2FQT:JR1284_1_6_F04.out.bam,1096135.4
onefilepercell_JR1284_1_1_A12_and_others_O2FQT:JR1284_1_6_F05.out.bam,1096135.5
onefilepercell_JR1284_1_1_A12_and_others_O2FQT:JR1284_1_6_G01.out.bam,1096135.4
onefilepercell_JR1284_1_1_A12_and_others_O2FQT:JR1284_1_6_G02.out.bam,1096135.5
onefilepercell_JR1284_1_1_A12_and_others_O2FQT:JR1284_1_6_G03.out.bam,1096135.4
onefilepercell_JR1284_1_1_A12_and_others_O2FQT:JR1284_1_6_G04.out.bam,1096135.5
onefilepercell_JR1284_1_1_A12_and_others_O2FQT:JR1284_1_6_G05.out.bam,1096135.5
onefilepercell_JR1284_1_1_A12_and_others_O2FQT:JR1284_1_6_H01.out.bam,1096135.5
onefilepercell_JR1284_1_1_A12_and_others_O2FQT:JR1284_1_6_H02.out.bam,1096135.5
onefilepercell_JR1284_1_1_A12_and_others_O2FQT:JR1284_1_6_H03.out.bam,1096135.5
onefilepercell_JR1284_1_1_A12_and_others_O2FQT:JR1284_1_6_H04.out.bam,1096135.6
onefilepercell_JR1284_1_1_A12_and_others_O2FQT:JR1284_1_6_H05.out.bam,1096135.5
onefilepercell_JR1284_1_1_A12_and_others_O2FQT:JR1284_1_6_I01.out.bam,1096135.4
onefilepercell_JR1284_1_1_A12_and_others_O2FQT:JR1284_1_6_I02.out.bam,1096135.4
onefilepercell_JR1284_1_1_A12_and_others_O2FQT:JR1284_1_6_I03.out.bam,1096135.6
onefilepercell_JR1284_1_1_A12_and_others_O2FQT:JR1284_1_6_I04.out.bam,1096135.5
onefilepercell_JR1284_1_1_A12_and_others_O2FQT:JR1284_1_6_I05.out.bam,1096135.5
onefilepercell_JR1284_1_1_A12_and_others_O2FQT:JR1284_1_6_J01.out.bam,1096135.5
onefilepercell_JR1284_1_1_A12_and_others_O2FQT:JR1284_1_6_J02.out.bam,1096135.5
onefilepercell_JR1284_1_1_A12_and_others_O2FQT:JR1284_1_6_J03.out.bam,1096135.5
onefilepercell_JR1284_1_1_A12_and_others_O2FQT:JR1284_1_6_J04.out.bam,1096135.6
onefilepercell_JR1284_1_1_A12_and_others_O2FQT:JR1284_1_6_J05.out.bam,1096135.5
onefilepercell_JR1284_1_1_A12_and_others_O2FQT:JR1284_1_6_K01.out.bam,1096135.5
onefilepercell_JR1284_1_1_A12_and_others_O2FQT:JR1284_1_6_K02.out.bam,1096135.5
onefilepercell_JR1284_1_1_A12_and_others_O2FQT:JR1284_1_6_K03.out.bam,1096135.2
onefilepercell_JR1284_1_1_A12_and_others_O2FQT:JR1284_1_6_K04.out.bam,1096135.4
onefilepercell_JR1284_1_1_A12_and_others_O2FQT:JR1284_1_6_K05.out.bam,1096135.4
onefilepercell_JR1284_1_1_A12_and_others_O2FQT:JR1284_1_6_L01.out.bam,1096135.5
onefilepercell_JR1284_1_1_A12_and_others_O2FQT:JR1284_1_6_L02.out.bam,1096135.4
onefilepercell_JR1284_1_1_A12_and_others_O2FQT:JR1284_1_6_L03.out.bam,1096135.5
onefilepercell_JR1284_1_1_A12_and_others_O2FQT:JR1284_1_6_L04.out.bam,1096135.5
onefilepercell_JR1284_1_1_A12_and_others_O2FQT:JR1284_1_6_L05.out.bam,1096135.5
onefilepercell_JR1284_1_1_A12_and_others_O2FQT:JR1284_1_6_N01.out.bam,1096135.4
onefilepercell_JR1284_1_1_A12_and_others_O2FQT:JR1284_1_6_N02.out.bam,1096135.4
onefilepercell_JR1284_1_1_A12_and_others_O2FQT:JR1284_1_6_N03.out.bam,1096135.4
onefilepercell_JR1284_1_1_A12_and_others_O2FQT:JR1284_1_6_N04.out.bam,1096135.5
onefilepercell_JR1284_1_1_A12_and_others_O2FQT:JR1284_1_6_P01.out.bam,1096135.4
onefilepercell_JR1284_1_1_A12_and_others_O2FQT:JR1284_1_6_P02.out.bam,1096135.4
onefilepercell_JR1284_1_1_A12_and_others_O2FQT:JR1284_1_6_P03.out.bam,1096135.5
onefilepercell_JR1284_1_1_A12_and_others_O2FQT:JR1284_1_6_P04.out.bam,1096135.5
